사고번호,사고일시,요일,시군구,사고내용,사망자수,중상자수,경상자수,부상신고자수,사고유형,법규위반,노면상태,기상상태,도로형태,가해운전자 차종,가해운전자 성별,가해운전자 연령,가해운전자 상해정도,피해운전자 차종,피해운전자 성별,피해운전자 연령,피해운전자 상해정도,lat(위도),lon(경도)
2022070800100463,2022년 7월 8일 18시,금요일,경기도 용인시 기흥구 고매동,경상사고,0,0,1,0,차대차 - 기타,안전운전불이행,건조,맑음,단일로 - 기타,승용,남,56세,상해없음,승용,남,41세,경상,37.22415442324879,127.10249966998984
2022071100100035,2022년 7월 11일 06시,월요일,경기도 용인시 기흥구 신갈동,경상사고,0,0,1,0,차대차 - 측면충돌,안전거리미확보,건조,맑음,단일로 - 기타,건설기계,남,34세,상해없음,승용,남,41세,경상,37.26737702391733,127.10264477446724
2022071300100173,2022년 7월 13일 11시,수요일,경기도 용인시 수지구 죽전동,경상사고,0,0,1,0,차대차 - 측면충돌,안전거리미확보,젖음/습기,비,단일로 - 기타,승용,남,38세,상해없음,화물,남,35세,경상,37.33085640229326,127.10365396320744
2022071300100289,2022년 7월 13일 15시,수요일,경기도 용인시 수지구 죽전동,경상사고,0,0,6,0,차대차 - 추돌,안전운전불이행,젖음/습기,비,단일로 - 기타,승용,남,66세,상해없음,승용,남,59세,경상,37.32633954902099,127.10338421864482
2022071300100326,2022년 7월 13일 16시,수요일,경기도 용인시 기흥구 신갈동,경상사고,0,0,1,1,차대차 - 측면충돌,안전거리미확보,건조,맑음,단일로 - 기타,화물,남,46세,부상신고,승용,여,36세,경상,37.26742156288012,127.1024866410715
2022071400100433,2022년 7월 14일 17시,목요일,경기도 용인시 기흥구 상갈동,경상사고,0,0,2,0,차대차 - 기타,안전거리미확보,건조,맑음,단일로 - 기타,화물,남,51세,상해없음,승용,남,61세,경상,37.28212699443265,127.1035825058517
2022071700100233,2022년 7월 17일 15시,일요일,경기도 용인시 수지구 죽전동,경상사고,0,0,20,0,차대차 - 기타,안전운전불이행,건조,맑음,단일로 - 기타,승합,남,54세,상해없음,승합,남,41세,상해없음,37.3244104243924,127.10333792256148
2022072800100571,2022년 7월 28일 21시,목요일,경기도 용인시 기흥구 상갈동,경상사고,0,0,1,0,차대차 - 기타,안전거리미확보,건조,맑음,단일로 - 기타,승용,여,47세,상해없음,승용,여,31세,경상,37.26734070369452,127.10256601571876
2022072900100551,2022년 7월 29일 20시,금요일,경기도 용인시 처인구 남사읍,중상사고,0,1,0,0,차대차 - 기타,차로위반,건조,맑음,단일로 - 기타,화물,남,51세,상해없음,승용,여,41세,중상,37.13097442507134,127.0915266867382
2022073000100208,2022년 7월 30일 12시,토요일,경기도 용인시 기흥구 신갈동,경상사고,0,0,3,0,차대차 - 측면충돌,안전운전불이행,건조,맑음,단일로 - 기타,승용,남,57세,상해없음,승용,남,47세,경상,37.28829033916315,127.10292968394062
2022073000100514,2022년 7월 30일 21시,토요일,경기도 용인시 기흥구 신갈동,부상신고사고,0,0,0,2,차대차 - 측면충돌,안전거리미확보,건조,맑음,단일로 - 기타,화물,남,52세,상해없음,승용,남,47세,부상신고,37.27810661904272,127.10353590990708
2022073100100240,2022년 7월 31일 15시,일요일,경기도 용인시 기흥구 고매동,중상사고,0,1,0,0,차대차 - 추돌,안전운전불이행,젖음/습기,비,단일로 - 기타,승용,남,45세,상해없음,승용,여,56세,중상,37.23130037576616,127.1072532456601
2022073100100409,2022년 7월 31일 21시,일요일,경기도 용인시 처인구 남사읍,중상사고,0,3,19,2,차대차 - 측면충돌,안전운전불이행,젖음/습기,비,단일로 - 기타,화물,남,62세,상해없음,화물,남,54세,중상,37.09903063120956,127.11937063989828
2022080200100371,2022년 8월 2일 17시,화요일,경기도 용인시 기흥구 신갈동,경상사고,0,0,1,0,차대차 - 기타,안전거리미확보,건조,맑음,단일로 - 기타,승용,여,54세,상해없음,승용,남,41세,경상,37.27070202238773,127.09962708362724
2022080800100075,2022년 8월 8일 08시,월요일,경기도 용인시 처인구 남사읍,중상사고,0,1,0,0,차대차 - 기타,안전거리미확보,건조,맑음,단일로 - 기타,승용,여,41세,기타불명,승용,여,63세,중상,37.103054963977534,127.11780869159402
2022080900100040,2022년 8월 9일 06시,화요일,경기도 용인시 기흥구 상갈동,경상사고,0,0,1,0,차대차 - 측면충돌,차로위반,젖음/습기,비,기타 - 기타,승용,남,33세,상해없음,승용,남,62세,경상,37.26811441340237,127.1021220827768
2022081000100155,2022년 8월 10일 11시,수요일,경기도 용인시 기흥구 공세동,경상사고,0,0,3,0,차대차 - 기타,안전거리미확보,건조,맑음,단일로 - 기타,화물,남,71세,경상,승용,여,36세,경상,37.23532706447983,127.10647701690436
2022081100100431,2022년 8월 11일 20시,목요일,경기도 용인시 처인구 남사읍,경상사고,0,0,1,0,차대차 - 측면충돌,안전운전불이행,젖음/습기,비,단일로 - 기타,승용,여,56세,상해없음,승용,남,40세,경상,37.094413967320726,127.12175682897802
2022081600100317,2022년 8월 16일 15시,화요일,경기도 용인시 수지구 죽전동,경상사고,0,0,1,0,차대차 - 측면충돌,안전거리미확보,건조,맑음,단일로 - 기타,화물,남,48세,상해없음,승용,남,66세,경상,37.32917985217865,127.10366277033836
2022082600100327,2022년 8월 26일 15시,금요일,경기도 용인시 기흥구 보정동,경상사고,0,0,1,0,차대차 - 추돌,안전운전불이행,건조,맑음,단일로 - 기타,승용,남,50세,상해없음,승용,여,43세,경상,37.29494548712994,127.10378603469296
2022082600100523,2022년 8월 26일 19시,금요일,경기도 용인시 기흥구 고매동,중상사고,0,2,0,0,차대차 - 추돌,안전거리미확보,건조,맑음,단일로 - 기타,승용,여,48세,상해없음,승용,여,25세,중상,37.23505679857252,127.10652351651387
2022082800100378,2022년 8월 28일 18시,일요일,경기도 용인시 기흥구 보정동,경상사고,0,0,1,0,차대차 - 기타,안전거리미확보,건조,맑음,단일로 - 기타,승합,남,61세,상해없음,승용,여,48세,경상,37.31226082667224,127.10367261063448
2022083000100025,2022년 8월 30일 02시,화요일,경기도 용인시 처인구 남사읍,중상사고,0,2,4,0,차대차 - 기타,안전운전불이행,젖음/습기,비,단일로 - 기타,화물,남,58세,중상,화물,남,59세,상해없음,37.101767147955854,127.11818654083125
2022083000100328,2022년 8월 30일 15시,화요일,경기도 용인시 기흥구 고매동,경상사고,0,0,2,0,차대차 - 기타,안전거리미확보,건조,맑음,단일로 - 기타,승용,남,40세,상해없음,승합,남,59세,경상,37.221072154500526,127.0999797307917
2022083100100098,2022년 8월 31일 08시,수요일,경기도 용인시 기흥구 상갈동,경상사고,0,0,1,0,차대차 - 측면충돌,안전거리미확보,건조,맑음,단일로 - 기타,승용,남,24세,상해없음,승용,남,29세,경상,37.26630933050106,127.10412784980242
2022083100100511,2022년 8월 31일 21시,수요일,경기도 용인시 기흥구 보정동,경상사고,0,0,1,0,차대차 - 기타,안전거리미확보,건조,맑음,단일로 - 기타,승합,남,65세,상해없음,승용,여,43세,경상,37.307826179547874,127.10372974166474
2022090100100569,2022년 9월 1일 20시,목요일,경기도 용인시 기흥구 보라동,경상사고,0,0,2,0,차대차 - 기타,안전운전불이행,건조,맑음,단일로 - 기타,승합,남,57세,상해없음,승용,남,41세,상해없음,37.258745722339015,127.10386295090976
2022090500100100,2022년 9월 5일 08시,월요일,경기도 용인시 기흥구 상갈동,경상사고,0,0,1,0,차대차 - 추돌,안전운전불이행,젖음/습기,비,기타 - 기타,승용,남,34세,상해없음,승용,남,36세,경상,37.26382061363785,127.1038702051354
2022090500100176,2022년 9월 5일 10시,월요일,경기도 용인시 기흥구 고매동,중상사고,0,2,0,0,차대차 - 추돌,안전운전불이행,젖음/습기,비,단일로 - 기타,승합,남,69세,상해없음,승용,남,21세,중상,37.23322822044983,127.1069050427984
2022091300100047,2022년 9월 13일 07시,화요일,경기도 용인시 기흥구 보라동,중상사고,0,1,0,0,차대차 - 측면충돌,안전거리미확보,건조,맑음,단일로 - 기타,승합,남,68세,상해없음,승용,남,47세,중상,37.26007942781383,127.10375446939292
2022091400100012,2022년 9월 14일 02시,수요일,경기도 용인시 기흥구 보정동,경상사고,0,0,1,0,차대차 - 추돌,안전운전불이행,건조,맑음,단일로 - 기타,승용,남,34세,상해없음,승용,여,21세,경상,37.309213388796806,127.10345162702453
2022091700100167,2022년 9월 17일 10시,토요일,경기도 용인시 기흥구 공세동,중상사고,0,1,2,0,차대차 - 추돌,안전운전불이행,건조,맑음,기타 - 기타,승용,남,25세,상해없음,승용,남,56세,경상,37.23457925132724,127.10658236655296
2022091800100344,2022년 9월 18일 19시,일요일,경기도 용인시 기흥구 신갈동,경상사고,0,0,1,0,차대차 - 측면충돌,안전거리미확보,건조,맑음,단일로 - 기타,승용,여,54세,상해없음,승용,남,69세,경상,37.266160954801535,127.10288800931856
2022092300100270,2022년 9월 23일 13시,금요일,경기도 용인시 기흥구 고매동,경상사고,0,0,1,0,차대차 - 기타,안전운전불이행,건조,맑음,단일로 - 기타,승용,남,40세,상해없음,승용,여,45세,경상,37.22531144816393,127.10346301108646
2022092400100071,2022년 9월 24일 07시,토요일,경기도 용인시 기흥구 신갈동,경상사고,0,0,1,11,차대차 - 추돌,안전운전불이행,건조,맑음,기타 - 기타,승용,남,52세,상해없음,승합,남,76세,경상,37.273419257805365,127.10350409446664
2022092900100204,2022년 9월 29일 11시,목요일,경기도 용인시 처인구 남사읍,경상사고,0,0,1,0,차대차 - 기타,안전운전불이행,건조,맑음,단일로 - 기타,승용,남,59세,상해없음,승용,남,63세,경상,37.11343222022175,127.11283782433766
2022100900100396,2022년 10월 9일 19시,일요일,경기도 용인시 기흥구 보정동,경상사고,0,0,1,0,차대차 - 측면충돌,안전운전불이행,젖음/습기,비,기타 - 기타,승합,남,67세,상해없음,승용,남,36세,경상,37.32677201816702,127.10332550858004
2022101200100221,2022년 10월 12일 11시,수요일,경기도 용인시 기흥구 보정동,중상사고,0,2,9,0,차대차 - 기타,안전운전불이행,건조,맑음,단일로 - 기타,승용,남,23세,상해없음,승용,남,42세,중상,37.29549525116603,127.10376058584556
2022101500100159,2022년 10월 15일 11시,토요일,경기도 용인시 처인구 남사읍,경상사고,0,0,2,0,차대차 - 추돌,안전운전불이행,건조,맑음,단일로 - 기타,승합,남,66세,상해없음,승용,남,21세,경상,37.11561917429233,127.11176862805212
2022101800100054,2022년 10월 18일 07시,화요일,경기도 용인시 기흥구 상갈동,경상사고,0,0,1,0,차대차 - 기타,안전운전불이행,건조,맑음,단일로 - 기타,승용,남,51세,상해없음,승용,여,38세,경상,37.26683986230877,127.10374160560526
2022102000100574,2022년 10월 20일 19시,목요일,경기도 용인시 기흥구 고매동,중상사고,0,1,2,1,차대차 - 측면충돌,안전운전불이행,건조,맑음,단일로 - 기타,승용,남,61세,상해없음,승합,남,50세,경상,37.225410789418326,127.10351885229102
2022102200100165,2022년 10월 22일 10시,토요일,경기도 용인시 기흥구 신갈동,경상사고,0,0,3,0,차대차 - 측면충돌,안전거리미확보,건조,맑음,단일로 - 기타,승용,남,59세,상해없음,승용,남,43세,경상,37.26410030590573,127.1039476863947
2022102300100306,2022년 10월 23일 17시,일요일,경기도 용인시 기흥구 공세동,경상사고,0,0,1,0,차대차 - 추돌,안전운전불이행,건조,맑음,단일로 - 기타,승용,남,37세,상해없음,승용,남,32세,경상,37.23965935212616,127.10543980085656
2022102300100371,2022년 10월 23일 19시,일요일,경기도 용인시 기흥구 공세동,경상사고,0,0,2,0,차대차 - 추돌,안전운전불이행,건조,맑음,기타 - 기타,승용,여,26세,상해없음,승용,남,38세,경상,37.26163037020297,127.10391550936288
2022102800100679,2022년 10월 28일 20시,금요일,경기도 용인시 처인구 양지면,경상사고,0,0,2,0,차대차 - 기타,안전거리미확보,건조,맑음,단일로 - 기타,화물,남,75세,상해없음,승용,여,29세,경상,37.465366373993554,127.03842048179636
2022103100100164,2022년 10월 31일 10시,월요일,경기도 용인시 기흥구 공세동,경상사고,0,0,1,0,차대차 - 기타,안전운전불이행,건조,맑음,단일로 - 기타,화물,남,61세,상해없음,승용,남,42세,상해없음,37.2215330415832,127.10032671918148
2022103100100190,2022년 10월 31일 11시,월요일,경기도 용인시 기흥구 신갈동,중상사고,0,1,2,0,차대차 - 추돌,안전거리미확보,건조,맑음,단일로 - 지하차도(도로)내,승용,남,69세,상해없음,화물,남,64세,중상,37.29004795048984,127.10559425865306
2022110300100005,2022년 11월 3일 00시,목요일,경기도 용인시 기흥구 보라동,중상사고,0,1,4,0,차대차 - 기타,안전운전불이행,건조,맑음,단일로 - 기타,특수,남,59세,상해없음,승합,남,46세,경상,37.25753824766002,127.10398204459908
2022110400100158,2022년 11월 4일 09시,금요일,경기도 용인시 기흥구 상갈동,경상사고,0,0,1,0,차대차 - 측면충돌,안전거리미확보,건조,맑음,기타 - 기타,승합,남,62세,상해없음,승용,여,47세,경상,37.292889895311504,127.10366142728256
2022111000100535,2022년 11월 10일 19시,목요일,경기도 용인시 기흥구 신갈동,경상사고,0,0,1,0,차대차 - 측면충돌,안전거리미확보,건조,맑음,단일로 - 기타,화물,남,56세,상해없음,승용,남,52세,경상,37.266854980063975,127.10287308638736
2022111200100294,2022년 11월 12일 14시,토요일,경기도 용인시 기흥구 신갈동,경상사고,0,0,8,0,차대차 - 기타,안전거리미확보,건조,맑음,단일로 - 기타,승합,남,57세,상해없음,승합,남,62세,경상,37.28204643691874,127.10375213900043
2022111300100270,2022년 11월 13일 16시,일요일,경기도 용인시 기흥구 신갈동,경상사고,0,0,1,0,차대차 - 측면충돌,안전운전불이행,건조,맑음,기타 - 기타,승용,남,66세,기타불명,승합,남,52세,경상,37.26094437671374,127.10363716263282
2022112000100233,2022년 11월 20일 15시,일요일,경기도 용인시 기흥구 신갈동,경상사고,0,0,2,0,차대차 - 기타,안전운전불이행,건조,맑음,단일로 - 기타,승용,남,39세,상해없음,승용,남,39세,경상,37.285886307496185,127.10373200563282
2022112400100225,2022년 11월 24일 12시,목요일,경기도 용인시 수지구 풍덕천동,경상사고,0,0,1,0,차대차 - 측면충돌,안전거리미확보,건조,맑음,단일로 - 기타,화물,남,66세,상해없음,화물,남,32세,경상,37.32443825988718,127.10357480413973
2022112600100409,2022년 11월 26일 18시,토요일,경기도 용인시 기흥구 신갈동,경상사고,0,0,1,0,차대차 - 측면충돌,안전운전불이행,건조,맑음,단일로 - 기타,승용,여,46세,상해없음,승용,여,52세,경상,37.27010924614302,127.10026184225602
2022112600100479,2022년 11월 26일 20시,토요일,경기도 용인시 기흥구 신갈동,경상사고,0,0,3,0,차대차 - 기타,안전거리미확보,건조,맑음,단일로 - 기타,화물,남,44세,상해없음,승용,남,74세,경상,37.282947664156005,127.1037022906212
2022112700100360,2022년 11월 27일 19시,일요일,경기도 용인시 처인구 남사읍,경상사고,0,0,1,0,차대차 - 기타,안전거리미확보,건조,맑음,단일로 - 기타,화물,남,58세,상해없음,승용,남,47세,경상,37.10217133095626,127.11773435293792
2022112800100089,2022년 11월 28일 08시,월요일,경기도 용인시 기흥구 보라동,경상사고,0,0,1,0,차대차 - 측면충돌,안전거리미확보,건조,맑음,단일로 - 기타,화물,남,61세,상해없음,승용,남,38세,경상,37.2319124209975,127.10697951336822
2022113000100223,2022년 11월 30일 13시,수요일,경기도 용인시 기흥구 신갈동,중상사고,0,1,0,0,차대차 - 측면충돌,안전운전불이행,건조,맑음,단일로 - 기타,화물,남,53세,상해없음,화물,남,56세,중상,37.2842552665872,127.10387593049914
2022120300100539,2022년 12월 3일 22시,토요일,경기도 용인시 기흥구 고매동,경상사고,0,0,3,0,차대차 - 측면충돌,안전운전불이행,건조,맑음,단일로 - 기타,승용,남,60세,상해없음,승합,남,59세,경상,37.22690946689392,127.10422117321556
2022120400100301,2022년 12월 4일 18시,일요일,경기도 용인시 기흥구 신갈동,경상사고,0,0,3,0,차대차 - 기타,안전운전불이행,건조,맑음,단일로 - 기타,승용,여,28세,상해없음,승용,남,19세,경상,37.292051010338334,127.103485312757
2022120400100302,2022년 12월 4일 18시,일요일,경기도 용인시 기흥구 신갈동,경상사고,0,0,22,21,차대차 - 추돌,안전운전불이행,건조,맑음,단일로 - 기타,승합,남,74세,상해없음,승합,남,51세,부상신고,37.29201627743322,127.10388037193064
2022120500100027,2022년 12월 5일 06시,월요일,경기도 용인시 기흥구 상갈동,경상사고,0,0,1,0,차대차 - 추돌,안전운전불이행,건조,맑음,단일로 - 기타,승용,남,28세,상해없음,승용,남,58세,경상,37.259493907026304,127.10387031005668
2022120600100104,2022년 12월 6일 08시,화요일,경기도 용인시 기흥구 상갈동,중상사고,0,9,38,0,차대차 - 추돌,안전운전불이행,젖음/습기,눈,단일로 - 기타,승합,남,69세,상해없음,승합,남,62세,경상,37.28269554258596,127.1037825782678
2022120600100166,2022년 12월 6일 09시,화요일,경기도 용인시 수지구 죽전동,경상사고,0,0,3,0,차대차 - 추돌,안전운전불이행,건조,맑음,단일로 - 기타,승용,남,78세,상해없음,승용,남,24세,경상,37.33105436353094,127.10355133095366
2022120800100033,2022년 12월 8일 03시,목요일,경기도 용인시 기흥구 마북동,중상사고,0,1,1,0,차대차 - 추돌,안전운전불이행,건조,맑음,기타 - 기타,승용,여,32세,중상,화물,남,50세,경상,37.312522300639415,127.10369380852563
2022121300100005,2022년 12월 13일 00시,화요일,경기도 용인시 기흥구 공세동,경상사고,0,0,1,0,차대차 - 기타,안전운전불이행,젖음/습기,비,단일로 - 기타,승용,남,29세,상해없음,승용,여,24세,경상,37.23672996276797,127.10548889069295
2022121700100058,2022년 12월 17일 05시,토요일,경기도 용인시 기흥구 공세동,경상사고,0,0,2,0,차대차 - 추돌,안전운전불이행,건조,맑음,단일로 - 기타,승용,남,46세,상해없음,화물,남,64세,경상,37.23931633739393,127.10529502237316
2022122200100259,2022년 12월 22일 14시,목요일,경기도 용인시 기흥구 상갈동,경상사고,0,0,1,0,차대차 - 측면충돌,안전거리미확보,건조,맑음,기타 - 기타,승용,남,57세,상해없음,승합,남,31세,경상,37.26095218185546,127.10327623976842
2022122600100186,2022년 12월 26일 11시,월요일,경기도 용인시 처인구 남사읍,경상사고,0,0,2,0,차대차 - 측면충돌,안전운전불이행,건조,흐림,단일로 - 기타,승용,남,37세,상해없음,승용,남,50세,경상,37.10084014679483,127.11864134462188
2022122800100497,2022년 12월 28일 19시,수요일,경기도 용인시 기흥구 신갈동,경상사고,0,0,3,0,차대차 - 기타,안전거리미확보,건조,맑음,단일로 - 기타,화물,남,65세,상해없음,승용,남,42세,경상,37.2855976399863,127.10366583188862
2022123100100323,2022년 12월 31일 16시,토요일,경기도 용인시 기흥구 상갈동,중상사고,0,1,1,0,차대차 - 기타,안전거리미확보,건조,맑음,단일로 - 기타,승용,여,59세,상해없음,승용,남,32세,경상,37.2652860857585,127.10273470837924